user_id,name,email,created_at
88d097d6-9b7a-47c2-a97b-ff2b649f5b8e,Nicole Lindsey,osborneroberto@example.org,2023-06-19
aec37ae4-247c-4312-a1e1-cbdb7b913574,Dr. Angela Howell DVM,brandy04@example.net,2024-03-24
7497b687-c3e7-48ae-bedb-4f6b46b4a806,Paul Pope,elizabeth45@example.org,2024-05-05
eaac348d-d1e6-46a4-98af-8a114aa286fb,Ronald Smith,ninacarter@example.com,2024-02-26
4d2206c8-496c-4ca1-9477-5a1df203e2e6,Samuel Silva,stantonwilliam@example.org,2024-04-23
9d3397a9-546a-40e9-97a7-d7ec39b50aaa,Cheryl Heath,qmcdonald@example.org,2024-01-03
dfb74076-bac2-437b-935e-b028e3b951b8,Rebecca Cook,qchoi@example.org,2024-03-28
e10bd8a5-cbf6-4624-a773-76337c707912,Andrea Fitzgerald DDS,jeffreyperez@example.net,2023-08-19
ada2ced2-6012-4390-8f8a-874869574899,Jessica Rodriguez,woodsmelissa@example.net,2024-02-29
64dcb5a0-b95b-47d7-93e9-a1a1061b6501,Brandy Brooks,thomasrocha@example.net,2024-05-01
251dde81-4450-49c3-bdfd-42471616a90a,Jimmy Brown,ipacheco@example.com,2023-06-30
004ebb46-9f94-4d7e-a98b-5b2dd57b9392,Nicholas Gill,shawnadams@example.com,2024-02-13
8250428d-061d-4d81-87f1-d90b4de0ed90,Dana Schmidt,ryan03@example.net,2023-09-18
a412f1f2-413a-40a7-bb54-b91c4af9553a,Justin Richardson,ibarrathomas@example.org,2023-10-21
00aa610a-6489-4318-bd96-c2d0818c992c,Thomas Medina,rstafford@example.com,2024-03-08
26a861f4-8f38-4262-a781-6747541d9d99,Jason Moore,rowlandmadeline@example.org,2024-03-12
ecd6c3f2-9228-4631-b877-30767eae0174,Christopher Bryan,ashleyparker@example.org,2024-01-17
bf79166d-bb9d-4650-96bc-a354d6718134,Angel Jefferson,dmcintyre@example.com,2023-08-06
7c4cf37d-cbc4-4fe8-801e-852d3406e7c7,Nicholas Taylor,katherinewilliams@example.net,2024-03-31
d4c1b7d6-56de-4067-a70c-0c786a8b5d56,Keith Cook,rebecca93@example.com,2024-02-04
1e4c25fe-4345-471b-b82b-882c208fcadd,Sarah Williams,candacegonzalez@example.org,2024-04-20
dd65452c-cef1-4107-aef8-97de52b7fe84,Tyler Sandoval,leewilliam@example.net,2023-09-12
76bd3f6a-74b9-43b9-967a-a564189f1d2c,Katie Flores,zparker@example.org,2023-11-08
e11dd653-aafa-4045-a180-34f49eb4b055,Wendy Roberts,georgekaitlyn@example.com,2023-07-21
3a93797a-e7f2-4d7b-b33c-d0fbc3c23a0e,Ann Williamson,amy84@example.net,2023-11-23
44487ab3-2941-45dc-98a5-9a441fe295ff,Larry Wilson,melanie59@example.com,2024-01-27
19b94c8e-7c09-4904-9120-8212de8c18f9,Michael Everett,patty47@example.net,2024-03-27
85193447-c00e-4c3e-8920-7a0c88262b59,Zachary Blair,robert48@example.com,2023-12-13
86b05089-f6f0-4f7d-8a4c-3e49af879f49,Rodney Russell,jaredcastro@example.com,2023-09-30
f4cc0be8-d06e-4337-b236-1cc3f5bf06c4,Andrew Ayala,joanne70@example.org,2023-07-17
bc976248-e70f-4950-a749-34aa1f664a60,Ashley Mcdowell,parkssarah@example.org,2023-06-24
18db5041-ac49-4618-b4f1-2a384b5c5187,Douglas Ramos,tamara36@example.net,2023-10-23
43c3917c-79d4-43c6-a69e-df19d8f53601,Christina Scott,brooksstacey@example.org,2023-07-24
68391982-7549-4dcd-861f-14c2842db273,Destiny Romero,summerskristy@example.com,2023-12-29
c89876ed-4b06-4ca4-87cd-6f6cb0c457d4,Kimberly Morrow,barryjohn@example.org,2024-04-24
082abf81-17f2-4a1e-b866-453c03b6fa7b,Cynthia White,xali@example.com,2023-06-26
d0979c57-35cd-4bff-be6b-72f946de91ab,Mariah Holland,mistysandoval@example.com,2023-10-04
c7418aa0-2562-4d26-93d3-a3adb8434225,Stacy Phillips,michellerodriguez@example.com,2023-06-23
8d34edb3-51c4-4f2b-9f29-368a6f4975b1,Daniel Stevenson,kelly72@example.org,2023-10-22
029f6c23-8ce4-418e-8663-ed3b9ee99a8a,Erik Miller,orobinson@example.org,2024-02-06
a6c84d62-d033-42f1-9066-c9c4981a273c,Alex Bailey,nguyenmaria@example.com,2024-06-02
e1b5ab85-5043-4e93-9bd8-26b481923123,Abigail Garcia,nathanhess@example.org,2023-06-17
b1802626-e6e6-4a67-b761-26d4c14a29bf,Stephanie Rich,jennifermeyer@example.net,2024-04-22
cfd4c940-8b40-4316-a8ae-ff2eb979149e,Patrick Ruiz,xclarke@example.org,2023-09-04
2e242818-9290-40e1-b7b3-7fec7f27c368,Micheal Freeman,hamiltonrichard@example.org,2023-08-30
2be401b7-4010-4c36-b1b9-0e244247abb3,Debra Harper,hunter61@example.net,2024-02-25
27f715fe-b9fd-435e-ae39-b6571fe19205,Jose Hawkins,jburns@example.com,2023-08-14
38d91af6-791c-4ad9-a0f8-33df4d87363d,Michael Pearson,andrew28@example.org,2024-02-09
1cdf36f5-3c05-4c62-b473-251ca4087b54,Caitlin Baxter,dguerrero@example.com,2023-10-18
1f38bf49-fb9a-480e-a052-291d1f6afe46,Kayla Butler,josephflynn@example.org,2024-05-06
2738dfdf-c3b8-4556-82a3-795285ce187d,Lance Bates,felicia39@example.net,2023-11-06
48584ca0-9597-49cc-a27a-51cad99c75f8,Patrick Ramirez,kmoore@example.org,2024-05-05
15d78dc2-72e1-40d7-96bb-33956fe8652e,Chloe Simmons,ryanfletcher@example.org,2024-04-09
17fc508d-c993-4df6-afe5-fc14850529eb,Martin Foster,robertatkinson@example.com,2024-02-29
894d9ed7-74fb-4a91-8e7f-a677fd2d6415,Julie Lam,jesus08@example.org,2023-08-07
76e72160-28ac-4607-b565-14cbe4891ea1,Christina Riggs,vschultz@example.org,2023-12-05
1944f599-5cc5-437c-a86d-f72d101efadc,Mr. Joshua Hoffman,cynthia14@example.org,2023-08-23
8384c305-8ddf-4462-b750-67848a4eab48,Susan Smith,jacksonbrandon@example.org,2023-10-17
e4cb8111-8245-4b1e-9ec0-427627105178,Melissa Pittman,millercarlos@example.com,2024-02-05
ba32d910-a31e-48d8-925c-0decc5c96564,Michael Taylor,edwardgamble@example.net,2023-07-23
cb2e15c1-3430-4c1d-8765-c94d2fc9205e,Jeffery Henry,miranda50@example.net,2023-12-18
3daccccd-aed3-4f84-a988-ef66405c7a69,Austin Rasmussen,drakeashley@example.com,2023-11-27
ad5e5168-b308-4f3f-8fbc-1639c1faa6b2,Carlos Perez,davidbishop@example.org,2023-12-01
4c931b27-a332-448d-bea2-eda30b0e1dc5,Sheri Haley,evansanne@example.com,2023-09-16
29e0ed65-3891-4d16-b564-158844ceb3e4,Laura Giles,reedmichael@example.org,2024-03-13
81e3bd44-7a2e-484a-be5b-9c3801d07ae5,Michelle Tanner,toddlynch@example.net,2023-10-05
479dafe0-7a00-4234-92a0-30ac748b553d,Melinda Barber,erin21@example.org,2024-05-10
aafac0a2-7f98-431c-bf0c-ea8d3f410462,Lisa Jackson,mjones@example.org,2024-05-09
eecd3b24-bb67-4d75-a9eb-1fcc2c00aaaa,Caroline Robinson,judyjones@example.net,2024-04-04
c38d40cf-15b9-476d-90fd-88f68cf921b9,Cesar Bolton,rayjohn@example.net,2023-06-27
25977099-4951-4980-ad00-afa6de02844d,Renee Jennings,patrickhurst@example.net,2023-12-09
93687305-1174-44ae-9511-d90b12dd673e,Jose West,christymaxwell@example.com,2024-03-16
8632372f-84a2-4092-a4d5-3590a7584279,Mary Johnson,vpowers@example.com,2024-01-26
ae7f313b-d404-49a5-ab62-0fbdd8c83393,Pamela Chase,dunndavid@example.com,2024-05-06
388113ce-1b9e-4902-b954-8b3b7bcd0ea4,John Jones,mstokes@example.net,2024-03-13
89ae92cf-27c2-4d79-8eca-1a12e63bb961,Stefanie Martinez,johnsonstephanie@example.net,2024-03-05
66dc454c-0074-466b-81ef-8bc6cd9ab2cf,Stefanie King,shawnmckay@example.com,2023-12-18
8bc13cd2-632f-4154-bf15-5edd867b002b,Adam Kennedy,brandi62@example.com,2024-06-08
cca8f4f7-01a6-4ee2-bcfb-7ebb476e7ad1,Andrea Jacobs MD,connie49@example.net,2024-01-26
7cd91fd0-acbd-4a5b-a855-276eb3842110,Peter Martin,mario71@example.net,2023-11-13
db332c5c-e5d6-47ab-845e-b3650709ae1e,Miguel Lambert,ricardo43@example.com,2023-10-05
e3d1285a-94b4-4ecb-a00e-ac067fe07b8e,Samantha Harris,daniel74@example.net,2024-03-09
4d32a83c-b961-4272-9de6-e36f2dcd0830,Robert Perez,mendozakelly@example.net,2023-07-04
20afc816-aec8-43e3-9677-0d0eaccbcf31,Timothy Miller,gmorgan@example.com,2023-10-07
b0442ac5-edd9-48c3-a264-0a765d2e517c,Kimberly Espinoza,bfitzgerald@example.net,2024-04-19
cf353bb9-bdb6-421c-b86d-8dac3a70c47a,Chad Austin,smithsteven@example.com,2024-04-07
ce0e9268-76b1-468a-b22e-b68fc71210e7,David Becker,rothkimberly@example.net,2023-11-16
71b62ac8-7b75-446a-8b3c-ab825ca44dd0,Sarah Green,debra14@example.net,2023-07-10
fc8dfb93-215f-4c18-91b6-f49f09425cd8,Douglas Kaiser,paulmoore@example.com,2023-07-16
4cce1c91-365a-47f5-8723-2c5667cf8805,Rhonda Clements,thomasbrittney@example.org,2024-02-18
63bd6805-03e8-428b-8542-657b1e4e4ba5,Kevin Hess,micheal91@example.com,2024-04-25
51c462f3-2a85-4261-b6d4-1ff853e90cc6,Brittany Patterson,collinsamy@example.com,2024-05-15
77778f13-31f7-48e0-bd80-f176f85b3e42,Michael Green,rpreston@example.com,2023-12-01
019ab830-d845-4c83-8e14-ea5aeb2749cd,Paul Myers,davidholland@example.net,2023-11-26
22fbb8ce-7fa2-4e8e-a1dd-81369407a0e0,James Burgess,alejandro54@example.com,2024-03-17
9b727436-7c9a-4176-97d6-1002661ca90a,Jody Davis,dickersondavid@example.com,2024-01-28
a597346d-dbe1-444c-97a1-ffdbdfd1383d,Kelly Adams,brandi54@example.org,2024-02-18
fb3ecd4f-ce7a-4f06-95cd-174eb4161992,Wendy Woods,williamscourtney@example.net,2023-06-28
7e9b903c-b0d5-458e-8b86-733c33f1516d,Justin Cole,lori81@example.org,2023-07-21
2eb7e410-4b5d-46f1-a13c-5065a4a5ea26,Joseph Owens,charles86@example.net,2024-04-12
f8c5971f-ff07-4c8b-86db-27fbf78a8b51,William Harris,moorerobert@example.org,2024-03-04
2ceb795e-b65a-46f4-9ad3-b1d0275c46f2,Sheena Murphy,sullivanholly@example.net,2024-03-08
a7aff6a5-b44c-449d-a90f-de5734f095d7,Miranda Hall,eugeneharrell@example.com,2023-12-27
5a3a7b3d-62ff-4feb-9074-5d035af81b45,James Lewis,robert93@example.com,2023-11-13
df06170f-ea63-48ce-bb75-ccff63d7d2ce,Jacob Williams,qbell@example.com,2023-09-21
0f9caf44-2ef2-44a6-850b-cf76ffe83ace,Stephen Ortiz,gflores@example.org,2024-01-21
929ddd97-2f93-4a35-847b-d459de71e30d,Ricky Martinez,annlopez@example.org,2023-12-28
b41444b6-252e-4fc6-9092-2ad00182c481,Melissa Torres,anita31@example.org,2023-09-08
7377af69-ff6c-4809-9d1d-554794e9637e,Kelly Allen,alejandrocortez@example.net,2023-09-19
02f8c499-4497-4d76-a6d9-2727a4b45a31,Anthony Hamilton,debra54@example.com,2023-10-09
1a623a40-e965-493f-bd70-419276029dcf,Jennifer Reed,frankcarr@example.org,2023-09-09
2670cce3-7639-4092-97e4-861d19c401c5,Joseph Owens,harrisamanda@example.com,2023-09-13
dc95adda-b308-4ad6-90b7-4e9f2aec0fb8,Emily Phillips,jenniferrice@example.com,2023-08-15
49dc35f5-8692-4eaf-a524-93803ad54911,April Jefferson,jacksonanthony@example.net,2024-02-28
569d0358-5a8b-44f7-b651-d9624b7bee27,Allen Vega,john21@example.com,2024-03-27
9cf06916-0a2a-42c7-a127-d342ecbb449a,Michelle Humphrey,ayalaamber@example.org,2023-08-24
9be88004-9dc6-41ae-9807-90fcf8255719,Jessica Conner,pauljacob@example.com,2024-05-31
4036fab9-8079-4ea1-99de-54888141c9c5,Richard Cervantes,jenniferballard@example.net,2024-04-11
68fe8e53-a481-472f-a454-215bbd195c63,James Johnson,wheelerjason@example.org,2023-11-30
889b00a1-aef6-4f9f-8931-db92fa7ae658,Joseph Collins,josephroberts@example.org,2023-10-01
63ab6f6e-7f17-4e7e-a131-da4c3e6d4a83,Alyssa Smith,curtisjack@example.net,2023-11-28
71934daf-803b-46db-bee0-bad3ea4bd641,Jennifer Davis,tpalmer@example.org,2023-09-01
424407f4-399d-4a3a-adba-d470f9b27678,Steven Scott,laura20@example.org,2023-11-30
558e0940-03bd-4a85-bafe-567cb18a5d6c,Amanda Walker,marvinvance@example.org,2023-11-15
0722b168-6a0b-4534-8eda-c36542d06094,Steven Martinez,sarahperez@example.net,2024-02-14
a41e19b9-616e-4fb3-999e-7fff5e3b2cd4,Sandra Porter,ecrawford@example.net,2024-01-02
294f35bd-54b4-41e6-831d-5af001c9edd7,Pam Smith,charris@example.net,2024-01-13
45422d89-bf19-47de-8809-c551cadb1c06,Timothy Williams,colin99@example.org,2024-03-28
85da5673-f601-4dda-9a0f-a2410da8da98,Charles Moreno,jose93@example.com,2023-11-12
5b31a3ce-a5bd-4437-a5e1-c38a014c8311,Julie Pacheco,keithross@example.com,2024-03-15
a1e84160-7fc1-4dca-88c8-cf778e93834e,Jill Gomez,xspears@example.com,2023-08-13
605e286a-e051-4ef0-b9ba-0d4a7eadf02f,Mrs. Linda Davis,freid@example.com,2023-10-17
e83d2224-47f4-46e0-8c24-cde42403be7f,Margaret Torres,perkinspaul@example.org,2024-01-09
28b70dd0-9a29-4f33-95e8-9b5ee1fad39f,Walter Carr,toddchandler@example.com,2024-04-08
b4a08fe0-e151-4ff5-8d99-6c3c403d18c3,Samantha Franklin DDS,egarcia@example.com,2023-12-26
15ae2b27-7866-4b89-b053-0db583d4dbb8,Lauren Rowe,deborah47@example.org,2024-01-09
10fe50d8-45f5-4561-a055-07e18b0fb293,Jamie Garcia,richardsnicholas@example.org,2023-12-30
e0cc1341-fa51-41b7-91ec-0108cc1237df,Michelle Dyer,williamssandra@example.com,2023-08-12
90743364-4f6a-4058-b2fd-5af019676fb4,Barbara Andrews,tonyacasey@example.com,2023-06-25
8d7eedd1-24cc-4da9-a04c-ffaf5c8bb214,Kristin Davis,gibbshaley@example.com,2024-06-06
2053facc-1827-42a2-98d5-e389b606171c,John Lee,evelynroth@example.net,2023-11-16
530c8e47-d0cc-4b2c-b6cf-1f8d513e1038,Juan Harris,davisrichard@example.net,2023-10-30
3e519473-9d0d-44d3-b9a0-7b3dda8213bf,Debbie King,gowens@example.org,2023-12-09
603c8604-5313-47d4-a6a1-e41564c0eb58,Dr. Lauren Mills,yraymond@example.net,2023-07-12
ae0cf0d9-2858-404e-82b1-cb39f7e453da,Angela Sampson,lsmith@example.net,2023-10-27
0f7e695f-06d7-4aa2-b29a-12f94cd8e7c8,Donald Blankenship,sandrahill@example.com,2024-05-24
4dc6e751-b29f-4e85-a40f-b0174da6b428,Danielle Jones,christineortiz@example.net,2023-07-19
50359314-45ca-4194-8ea4-6b626bb9065f,Jim Robles,christine26@example.net,2023-06-18
e9b733a5-f357-4053-8a0b-7fafe6800893,Sara Ware,kellyroberts@example.com,2023-12-20
5ae30537-ef7a-4889-897e-28f150d2f429,Stanley Day,rodriguezjulia@example.com,2023-11-24
